子分类,接口名称 (Function),说明 (Description),详细描述,限量,输入参数
港股,stock_hk_spot,港股实时行情快照,获取香港证券交易所所有上市股票的实时行情报价快照。注意：数据有 15 分钟延时。返回包含最新价、涨跌幅、成交量等字段的全市场切片数据，适用于构建港股市场全貌监控或筛选活跃个股。,单次返回当前时间戳的所有港股的数据,
港股,stock_hk_ggt_components_em,港股通成份股列表,获取“港股通”标的池中的所有成份股列表。这些是内地投资者可以通过沪港通或深港通直接购买的香港股票，通常代表了港股市场中流动性较好、市值较大的优质公司（如腾讯、美团等）。,单次获取所有港股通成份股数据,
港股,stock_hk_hist_min_em,港股分时历史行情,获取指定港股上市公司的分钟级别（1/5/15/30/60分钟）历史K线数据。支持复权调整，用于短线策略分析或高频交易回测。注意：1分钟数据仅包含最近5个交易日。,"单次返回指定上市公司最近 5 个交易日分钟数据, 注意港股有延时","| 名称         | 类型  | 描述                                                                                                  |
|------------|-----|-----------------------------------------------------------------------------------------------------|
| symbol     | str | symbol=""01611""; 港股代码，可通过 **ak.stock_hk_spot_em()** 获取                                                 |
| period     | str | period='5'; 时间周期; 可选 {'1', '5', '15', '30', '60'}; 注意: 1分钟数据仅回溯近5交易日且不复权                                |
| adjust     | str | adjust=''; 复权模式; 可选 {'': 不复权(真实价格), 'qfq': 前复权(适合回测), 'hfq': 后复权(适合计算长期收益)}                         |
| start_date | str | start_date=""1979-09-01 09:32:00""; 开始时间; 默认返回所有历史数据                                                  |
| end_date   | str | end_date=""2222-01-01 09:32:00""; 结束时间; 默认返回所有历史数据                                                    |"
港股,stock_hk_security_profile_em,港股个股资料,获取港股上市公司的基本档案信息，包括公司名称、注册地、行业分类、主营业务描述等静态基础数据。用于个股基本面研究的背景调查。,单次返回全部数据,"| 名称     | 类型  | 描述             |
|--------|-----|----------------|
| symbol | str | symbol=""03900"" |"
港股,stock_hk_dividend_payout_em,港股分红派息记录,获取港股上市公司的历史分红派息记录。包含派息金额、除净日、派息日等关键信息。用于分析公司的高股息属性（红利策略）及现金流健康状况。,单次返回全部数据,"| 名称     | 类型  | 描述             |
|--------|-----|----------------|
| symbol | str | symbol=""03900"" |"
港股,stock_hk_profit_forecast_et,港股盈利预测,获取机构对港股公司的盈利预测数据。包含评级总览、业绩表现及综合盈利预测（EPS、净利润等）。用于分析市场一致预期（Consensus）与未来业绩增长潜力。,单次返回指定 symbol 和 indicator 的数据,"| 名称        | 类型  | 描述                                                                    |
|-----------|-----|-----------------------------------------------------------------------|
| symbol    | str | symbol=""09999""                                                        |
| indicator | str | indicator=""盈利预测概览""; 可选 {""评级总览"", ""去年度业绩表现"", ""综合盈利预测"", ""盈利预测概览""} |"
美股,get_us_stock_name,美股股票代码字典,获取所有美股市场的股票代码和名称对照表。作为查询其他美股数据的基础工具，用于代码检索和校验。,,
美股,stock_us_spot,美股实时行情快照,获取美股全市场的实时行情报价。注意：数据来源于新浪财经，有 15 分钟延时。包含最新价、涨跌幅、市盈率等数据。建议优先使用 `ak.stock_us_spot_em()` 接口。,单次返回美股所有上市公司的实时行情数据,
美股,stock_us_daily,美股历史日线行情,获取美股上市公司的历史日线级别行情数据。**关键特性**：支持前复权（adjust=""qfq""），可消除分红配股造成的股价跳空，提供连续的价格曲线，非常适合量化策略回测和长期趋势分析。,单次返回指定上市公司的指定 adjust 后的所有历史行情数据,"| 名称     | 类型  | 描述                                                                  |
|--------|-----|---------------------------------------------------------------------|
| symbol | str | 美股代码, 可通过 **ak.get_us_stock_name()** 获取                                    |
| adjust | str | adjust=""qfq"" 返回前复权数据(推荐用于回测); 默认 """" 返回未复权数据(真实交易价格)                       |"
美股,stock_us_pink_spot_em,美股粉单市场行情,获取美股粉单市场（Pink Sheets/OTC场外交易）的实时行情。包含未在纽交所或纳斯达克主板上市的小微企业、退市公司或特定中概股（如瑞幸咖啡等）。适用于捕捉非主板市场的长尾投资机会。,单次返回指定所有粉单市场的行情数据,
美股,stock_financial_us_report_em,美股三大财务报表,获取美股上市公司的详细财务报表数据：资产负债表（Balance Sheet）、利润表（Income Statement）、现金流量表（Cash Flow）。支持按年报、季报维度查询。用于深度基本面分析和估值建模。,单次获取指定股票、指定报告且指定报告期的数据,"| 名称        | 类型  | 描述                                                    |
|-----------|-----|-------------------------------------------------------|
| stock     | str | stock=""TSLA""; 美股代码 (注意: BRK.A 需转换为 BRK_A)                  |
| symbol    | str | symbol=""资产负债表""; 可选 {""资产负债表"", ""综合损益表"", ""现金流量表""}      |
| indicator | str | indicator=""年报""; 可选 {""年报"", ""单季报"", ""累计季报""}             |"
美股,stock_financial_us_analysis_indicator_em,美股主要财务指标,获取美股上市公司的核心财务分析指标，如ROE、ROA、毛利率、净利率、资产周转率等。这些指标是经过计算后的比率数据，比原始财报更直观地反映公司经营效率。,单次获取指定股票的所有历史数据,"| 名称        | 类型  | 描述                                              |
|-----------|-----|-------------------------------------------------|
| symbol    | str | symbol=""TSLA""; 美股代码                             |
| indicator | str | indicator=""年报""; 可选 {""年报"", ""单季报"", ""累计季报""} |"
美股,stock_us_valuation_baidu,美股估值数据,获取美股公司的历史估值指标序列，包括总市值、市盈率（PE TTM/Static）、市净率（PB）、市现率（PCF）。用于判断当前股价相对于历史水平是高估还是低估。,单次获取指定 symbol 的指定 indicator 的特定 period 的历史数据,"| 名称        | 类型  | 描述                                                                     |
|-----------|-----|------------------------------------------------------------------------|
| symbol    | str | symbol=""NVDA""; 美股代码                                                    |
| indicator | str | indicator=""总市值""; 可选 {""总市值"", ""市盈率(TTM)"", ""市盈率(静)"", ""市净率"", ""市现率""} |
| period    | str | period=""近一年""; 可选 {""近一年"", ""近三年"", ""全部""}                           |"
A股/综合,stock_zh_ah_daily,A+H股历史行情对比,获取同时在A股（中国大陆）和H股（香港）上市的公司（即“A+H股”）的历史行情数据。用于分析AH股溢价（Premium）、跨市场套利机会以及对比两地市场对同一家公司的估值差异。数据源自腾讯财经。,单次返回指定参数的 A+H 上市公司的历史行情数据,"| 名称         | 类型  | 描述                                                          |
|------------|-----|-------------------------------------------------------------|
| symbol     | str | symbol=""02318""; 港股代码, 可通过 **ak.stock_zh_ah_name()** 获取           |
| start_year | str | start_year=""2000""; 开始年份                                     |
| end_year   | str | end_year=""2019""; 结束年份                                       |
| adjust     | str | adjust=""""; 默认为空不复权; 'qfq': 前复权, 'hfq': 后复权                  |"
A股/综合,stock_zh_ah_name,A+H股代码列表,获取所有“A+H股”上市公司的代码和名称对照表。这些公司同时拥有A股代码和港股代码，是进行跨市场分析的基础索引。,单次返回所有 A+H 上市公司的代码和名称,
A股/综合,stock_zh_a_daily,A股历史日线行情(日K线),获取沪深京A股（包括主板、创业板、科创板、北交所）的历史日线行情。**核心功能**：支持前复权（qfq）和后复权（hfq），能够消除分红配股影响，提供适合量化回测的连续价格序列。包含CDR（中国存托凭证）数据需通过专门接口获取。,"单次返回指定沪深京 A 股上市公司指定日期间的历史行情日频率数据, 多次获取容易封禁 IP","| 名称         | 类型  | 描述                                                                                   |
|------------|-----|--------------------------------------------------------------------------------------|
| symbol     | str | symbol='sh600000'; 股票代码, 可通过 **ak.stock_zh_a_spot()** 获取                              |
| start_date | str | start_date='20201103'; 开始日期 (格式 YYYYMMDD)                                             |
| end_date   | str | end_date='20201116'; 结束日期 (格式 YYYYMMDD)                                               |
| adjust     | str | adjust=""""; 默认不复权(真实价); 'qfq': 前复权(回测用); 'hfq': 后复权; 'hfq-factor': 后复权因子 |"
A股/综合,stock_zh_a_minute,A股分时历史行情,获取沪深京A股股票或指数的分钟级别（1/5/15/30/60分钟）历史K线数据。支持复权选项。用于日内交易策略（Intraday Trading）分析、高频因子构建或查看特定日期的盘中走势。注意：请控制调用频率。,单次返回指定股票或指数的指定频率的最近交易日的历史分时行情数据; 注意调用频率,"| 名称     | 类型  | 描述                                                         |
|--------|-----|------------------------------------------------------------|
| symbol | str | symbol='sh000300'; 股票或指数代码                                   |
| period | str | period='1'; 数据频率; 可选 {'1', '5', '15', '30', '60'}             |
| adjust | str | adjust=""""; 默认不复权; 'qfq': 前复权; 'hfq': 后复权                  |"
A股/综合,stock_zh_a_cdr_daily,A股CDR历史日线,获取A股市场中的CDR（中国存托凭证，Chinese Depository Receipt）企业的历史日线行情。CDR是指在境外（包括中国香港）上市公司把部分已发行股票托管在当地保管银行，由中国境内的存托银行发行、在境内A股市场上市、以人民币交易结算的投资凭证（如九号公司）。,"单次返回指定 CDR 的日频率数据, 分钟历史行情数据可以通过 stock_zh_a_minute 获取","| 名称         | 类型  | 描述                          |
|------------|-----|-----------------------------|
| symbol     | str | symbol='sh689009'; CDR 股票代码 |
| start_date | str | start_date='20201103'       |
| end_date   | str | end_date='20201116'         |"
A股/综合,stock_zh_kcb_daily,科创板历史日线,获取上海证券交易所科创板（STAR Market）股票的历史日线行情。科创板企业通常具有高科技属性和不同的涨跌幅限制（20%）。支持复权数据获取。,"单次返回指定 symbol 和 adjust 的所有历史行情数据; 请控制采集的频率, 大量抓取容易封IP","| 名称     | 类型  | 描述                                                                                 |
|--------|-----|------------------------------------------------------------------------------------|
| symbol | str | symbol=""sh688008""; 科创板代码                                                       |
| adjust | str | 默认不复权; 'qfq': 前复权; 'hfq': 后复权; 'hfq-factor': 后复权因子; 'qfq-factor': 前复权因子 |"
A股/综合,stock_zh_b_daily,B股历史日线,"获取B股市场的历史日线行情。B股是人民币特种股票，以前以外币（美元/港币）交易，现在虽有改革但仍具有特殊的流动性特征。用于分析B股市场的折价机会或特定历史数据。(B 股数据是从新浪财经获取的数据, 历史数据按日频率更新)",单次返回指定 B 股上市公司指定日期间的历史行情日频率数据,"| 名称         | 类型  | 描述                                                                                   |
|------------|-----|--------------------------------------------------------------------------------------|
| symbol     | str | symbol='sh900901'; B股代码, 可通过 **ak.stock_zh_b_spot()** 获取                               |
| start_date | str | start_date='20201103'; 开始日期                                                             |
| end_date   | str | end_date='20201116'; 结束日期                                                               |
| adjust     | str | 默认不复权; 'qfq': 前复权; 'hfq': 后复权; 'hfq-factor': 后复权因子; 'qfq-factor': 前复权因子       |"
A股/综合,stock_zh_b_minute,B股分时历史行情,"获取B股股票的分钟级别历史K线数据。支持复权。用于细粒度的B股市场交易分析。(新浪财经 B 股股票或者指数的分时数据，目前可以获取 1, 5, 15, 30, 60 分钟的数据频率, 可以指定是否复权)",单次返回指定股票或指数的指定频率的最近交易日的历史分时行情数据,"| 名称     | 类型  | 描述                                                         |
|--------|-----|------------------------------------------------------------|
| symbol | str | symbol='sh900901'; B股代码                                     |
| period | str | period='1'; 数据频率; 可选 {'1', '5', '15', '30', '60'}             |
| adjust | str | adjust=""""; 默认不复权; 'qfq': 前复权; 'hfq': 后复权                  |"
A股/综合,stock_tfp_em,两市停复牌信息,获取沪深两市的股票停牌（Suspension）和复牌（Resumption）公告信息。包含停牌原因、停牌时间、预计复牌时间等。用于风险管理，避免在交易策略中买入已停牌无法交易的股票。,"单次获取指定 date 的停复牌数据, 具体更新逻辑跟目标网页统一","| 名称   | 类型  | 描述              |
|------|-----|-----------------|
| date | str | date=""20240426"" |"
A股/综合,stock_zh_a_new,次新股行情,获取“次新股”板块的实时行情数据。次新股指上市时间较短（通常1年以内）的股票，往往具有流通盘小、换手率高、波动大、受游资青睐的特点。注意：次新股名单随时间动态变化。,"单次返回所有次新股行情数据, 由于次新股名单随着交易日变化而变化，只能获取最近交易日的数据",
A股/综合,stock_zh_kcb_report_em,科创板公告报告,获取科创板上市公司的各类公告和研究报告索引。包括招股说明书、问询函回复、上市公告书等。用于深入研究科创板企业的上市合规性及技术细节。,单次返回所有科创板上市公司的报告数据,"| 名称        | 类型  | 描述                   |
|-----------|-----|----------------------|
| from_page | int | from_page=1; 起始页码      |
| to_page   | int | to_page=100; 结束页码      |"
基本面/财务,stock_info_sz_name_code,深交所股票列表,获取深圳证券交易所（SZSE）全市场的股票代码、简称及上市状态。支持筛选A股、B股、CDR及AB股列表。是构建深市股票池的基础接口。,单次获取深证证券交易所股票代码和简称数据,"| 名称     | 类型  | 描述                                                          |
|--------|-----|-------------------------------------------------------------|
| symbol | str | symbol=""A股列表""; 可选 {""A股列表"", ""B股列表"", ""CDR列表"", ""AB股列表""} |"
基本面/财务,stock_info_sh_name_code,上交所股票列表,获取上海证券交易所（SSE）全市场的股票代码和简称。支持筛选主板A股、主板B股及科创板。是构建沪市股票池的基础接口。,单次获取所有上海证券交易所股票代码和简称数据,"| 名称     | 类型  | 描述                                               |
|--------|-----|--------------------------------------------------|
| symbol | str | symbol=""主板A股""; 可选 {""主板A股"", ""主板B股"", ""科创板""} |"
基本面/财务,stock_info_bj_name_code,北交所股票列表,获取北京证券交易所（BSE）全市场的股票代码和简称。北交所主要服务于创新型中小企业（专精特新）。,单次获取北京证券交易所所有的股票代码和简称数据,
基本面/财务,stock_info_sh_delist,上交所退市股票,获取上海证券交易所已暂停上市或终止上市（退市）的股票名单。用于查询历史上的“黑天鹅”公司或进行生存偏差（Survivorship Bias）剔除处理。,单次获取上海证券交易所暂停/终止上市股票,"| 名称     | 类型  | 描述                                         |
|--------|-----|--------------------------------------------|
| symbol | str | symbol=""全部""; 可选 {""全部"", ""沪市"", ""科创板""} |"
基本面/财务,stock_info_sz_delist,深交所退市股票,获取深圳证券交易所已终止或暂停上市的股票名单。用于量化回测时的生存偏差处理，确保策略回测包含已退市的失败样本。,单次获取深证证券交易所终止/暂停上市数据,"| 名称     | 类型  | 描述                                              |
|--------|-----|-------------------------------------------------|
| symbol | str | symbol=""终止上市公司""; 可选 {""暂停上市公司"", ""终止上市公司""} |"
基本面/财务,stock_info_sz_change_name,深市更名历史,获取深圳证券交易所股票的历史名称变更记录（曾用名）。股票简称变更通常发生在ST（戴帽）、摘帽、资产重组或主营业务变更时。用于追踪公司历史演变。,单次获取所有历史数据,"| 名称     | 类型  | 描述                                        |
|--------|-----|-------------------------------------------|
| symbol | str | symbol=""全称变更""; 可选 {""全称变更"", ""简称变更""} |"
基本面/财务,stock_info_change_name,A股曾用名查询,查询指定A股股票的所有历史曾用名。例如某公司从“xx股份”变为“*STxx”再变为“xx科技”的过程。防止在历史数据分析时因名称变更导致的匹配错误。,单次指定 symbol 的所有历史曾用名称,"| 名称     | 类型  | 描述                    |
|--------|-----|-----------------------|
| symbol | str | symbol=""000503""; 股票代码 |"
基本面/财务,stock_info_a_code_name,A股全市场代码表,获取沪深京全市场所有A股股票的代码和简称对照表。这是最全的A股基础字典，用于初始化股票池。,单次获取所有 A 股股票代码和简称数据,
基本面/财务,stock_financial_abstract,财务摘要(关键指标),获取A股上市公司的关键财务指标历史数据，如每股收益（EPS）、每股净资产（BPS）、净资产收益率（ROE）等核心摘要数据。适合快速筛选基本面。,单次获取关键指标所有历史数据,"| 名称     | 类型  | 描述                    |
|--------|-----|-----------------------|
| symbol | str | symbol=""600004""; 股票代码 |"
基本面/财务,stock_financial_report_sina,新浪三大财务报表,从新浪财经获取A股上市公司的三大财务报表历史数据：资产负债表、利润表、现金流量表。数据历史悠久，适合做长周期的基本面分析。,单次获取指定报表的所有年份数据的历史数据,"| 名称     | 类型  | 描述                                                  |
|--------|-----|-----------------------------------------------------|
| stock  | str | stock=""sh600600""; 带市场标识的股票代码                        |
| symbol | str | symbol=""现金流量表""; 可选 {""资产负债表"", ""利润表"", ""现金流量表""} |"
基本面/财务,stock_financial_analysis_indicator,新浪财务指标,从新浪财经获取A股上市公司的详细财务分析指标，包括偿债能力、营运能力、盈利能力等维度的比率数据。,单次获取指定 symbol 和 start_year 的所有财务指标历史数据,"| 名称         | 类型  | 描述                         |
|------------|-----|----------------------------|
| symbol     | str | symbol=""600004""; 股票代码      |
| start_year | str | start_year=""2020""; 开始查询年份   |"
基本面/财务,stock_add_stock,股票增发详情,"获取A股上市公司的增发（SEO, Seasoned Equity Offering）融资历史详情。包括增发价格、数量、募资总额等。增发通常意味着股本扩张和资金注入。",单次指定 symbol 的股票增发详情数据,"| 名称     | 类型  | 描述                    |
|--------|-----|-----------------------|
| symbol | str | symbol=""600004""; 股票代码 |"
基本面/财务,stock_ipo_info,新股发行详情,获取A股上市公司IPO（首次公开发行）时的基本信息。包括发行价、首日开盘价、中签率等历史数据。,单次获取新股发行的基本信息数据,"| 名称    | 类型  | 描述                   |
|-------|-----|----------------------|
| stock | str | stock=""600004""; 股票代码 |"
基本面/财务,stock_history_dividend_detail,分红配股详情,获取指定A股公司的详细分红（Dividend）和配股（Rights Issue）历史记录。包含除权除息日、股权登记日、派息金额等。是计算复权因子和股息率（Dividend Yield）的核心数据。,单次获取指定股票的新浪财经-发行与分配-分红配股详情,"| 名称        | 类型  | 描述                                               |
|-----------|-----|--------------------------------------------------|
| symbol    | str | symbol=""600012""; 股票代码                            |
| indicator | str | indicator=""配股""; 可选 {""分红"", ""配股""}                |
| date      | str | date=""1994-12-24""; 具体日期, e.g., ""1994-12-24""      |"
基本面/财务,stock_history_dividend,全市场历史分红,从新浪财经获取A股所有股票的历史分红总览数据。用于全市场的股息回报分析。,单次获取所有股票的历史分红数据,
基本面/财务,stock_dividend_cninfo,巨潮个股分红,从巨潮资讯（官方信披平台）获取指定股票的历史分红记录。数据权威性高，包含分红方案的详细进度（预案、实施等）。,单次获取指定股票的历史分红数据,"| 名称     | 类型  | 描述              |
|--------|-----|-----------------|
| symbol | str | symbol=""600009"" |"
基本面/财务,stock_circulate_stock_holder,流通股东,获取指定股票的前十大流通股东名单及其持股变化。流通股东通常包括机构投资者（公募、私募、社保）和牛散，其动向反映了主力资金的态度。,单次获取指定 symbol 的流通股东数据,"| 名称     | 类型  | 描述                    |
|--------|-----|-----------------------|
| symbol | str | symbol=""600000""; 股票代码 |"
基本面/财务,stock_fund_stock_holder,基金持股明细,获取特定股票被哪些公募基金持有的明细数据。用于分析机构抱团程度和基金仓位变动。,新浪财经-股本股东-基金持股所有历史数据,"| 名称     | 类型  | 描述                    |
|--------|-----|-----------------------|
| symbol | str | symbol=""600004""; 股票代码 |"
基本面/财务,stock_main_stock_holder,主要股东,获取上市公司的主要大股东（十大股东）名单，包括流通股和非流通股股东。用于分析股权结构集中度和大股东减持风险。,单次获取所有历史数据,"| 名称    | 类型  | 描述                   |
|-------|-----|----------------------|
| stock | str | stock=""600004""; 股票代码 |"
基本面/财务,stock_zyjs_ths,同花顺主营介绍,从同花顺获取上市公司的主营业务文本介绍。包含产品类型、经营范围、行业地位等非结构化文本，非常适合用于NLP分析或提取公司业务关键词。,单次返回所有数据,"| 名称     | 类型  | 描述              |
|--------|-----|-----------------|
| symbol | str | symbol=""000066"" |"
基本面/财务,stock_financial_analysis_indicator_em,东财主要财务指标,从东方财富获取A股上市公司的主要财务指标。支持按报告期或单季度查询，包含成长能力、盈利能力、运营能力等数十项量化指标。,单次获取指定 symbol 的所有数据,"| 名称        | 类型  | 描述                                           |
|-----------|-----|----------------------------------------------|
| symbol    | str | symbol=""301389.SZ""; 股票代码                     |
| indicator | str | indicator=""按报告期""; 可选 {""按报告期"", ""按单季度""} |"
基本面/财务,stock_balance_sheet_by_report_em,资产负债表(按报告期),从东方财富获取资产负债表（Balance Sheet），按报告期（累积）展示。反映公司在特定时点的财务状况（资产、负债、权益）。,单次获取指定 symbol 的资产负债表-按报告期数据,"| 名称     | 类型  | 描述                      |
|--------|-----|-------------------------|
| symbol | str | symbol=""SH600519""; 股票代码 |"
基本面/财务,stock_balance_sheet_by_yearly_em,资产负债表(按年度),从东方财富获取按年度统计的资产负债表。适合跨年度的长期趋势分析。,单次获取指定 symbol 的资产负债表-按年度数据,"| 名称     | 类型  | 描述                      |
|--------|-----|-------------------------|
| symbol | str | symbol=""SH600519""; 股票代码 |"
基本面/财务,stock_profit_sheet_by_report_em,利润表(按报告期),从东方财富获取利润表（Income Statement），按报告期（累积）展示。反映公司在一定期间的经营成果（收入、成本、利润）。,单次获取指定 symbol 的利润表-报告期数据,"| 名称     | 类型  | 描述                      |
|--------|-----|-------------------------|
| symbol | str | symbol=""SH600519""; 股票代码 |"
基本面/财务,stock_profit_sheet_by_yearly_em,利润表(按年度),从东方财富获取按年度统计的利润表。,单次获取指定 symbol 的利润表-按年度数据,"| 名称     | 类型  | 描述                      |
|--------|-----|-------------------------|
| symbol | str | symbol=""SH600519""; 股票代码 |"
基本面/财务,stock_profit_sheet_by_quarterly_em,利润表(按单季度),从东方财富获取按单季度拆分的利润表。用于识别公司业绩的季度波动和季节性特征（Seasonality）。,单次获取指定 symbol 的利润表-按单季度数据,"| 名称     | 类型  | 描述                      |
|--------|-----|-------------------------|
| symbol | str | symbol=""SH600519""; 股票代码 |"
基本面/财务,stock_cash_flow_sheet_by_report_em,现金流量表(按报告期),从东方财富获取现金流量表（Cash Flow Statement），按报告期展示。反映公司现金流入流出情况，是检验利润质量的试金石。,单次获取指定 symbol 的现金流量表-按报告期数据,"| 名称     | 类型  | 描述                      |
|--------|-----|-------------------------|
| symbol | str | symbol=""SH600519""; 股票代码 |"
基本面/财务,stock_cash_flow_sheet_by_yearly_em,现金流量表(按年度),从东方财富获取按年度统计的现金流量表。,单次获取指定 symbol 的现金流量表-按年度数据,"| 名称     | 类型  | 描述                      |
|--------|-----|-------------------------|
| symbol | str | symbol=""SH600519""; 股票代码 |"
基本面/财务,stock_cash_flow_sheet_by_quarterly_em,现金流量表(按单季度),从东方财富获取按单季度拆分的现金流量表。,单次获取指定 symbol 的现金流量表-按单季度数据,"| 名称     | 类型  | 描述                      |
|--------|-----|-------------------------|
| symbol | str | symbol=""SH600519""; 股票代码 |"
基本面/财务,stock_balance_sheet_by_report_delisted_em,退市股资产负债表,获取已退市股票的历史资产负债表数据。用于生存偏差调整后的全样本量化研究。,单次获取指定 symbol 的资产负债表-按报告期数据,"| 名称     | 类型  | 描述                               |
|--------|-----|----------------------------------|
| symbol | str | symbol=""SZ000013""; 带市场标识的已退市股票代码 |"
基本面/财务,stock_profit_sheet_by_report_delisted_em,退市股利润表,获取已退市股票的历史利润表数据。,单次获取指定 symbol 的利润表-按报告期数据,"| 名称     | 类型  | 描述                               |
|--------|-----|----------------------------------|
| symbol | str | symbol=""SZ000013""; 带市场标识的已退市股票代码 |"
基本面/财务,stock_cash_flow_sheet_by_report_delisted_em,退市股现金流量表,获取已退市股票的历史现金流量表数据。,单次获取指定 symbol 的现金流量表-按报告期数据,"| 名称     | 类型  | 描述                               |
|--------|-----|----------------------------------|
| symbol | str | symbol=""SZ000013""; 带市场标识的已退市股票代码 |"
基本面/财务,stock_zygc_em,主营业务构成,从东方财富获取上市公司的主营业务构成数据。按产品、按地区、按行业拆分营收和利润占比。用于分析公司的核心盈利来源和业务多元化程度。,单次返回所有历史数据,"| 名称     | 类型  | 描述                |
|--------|-----|-------------------|
| symbol | str | symbol=""SH688041"" |"
基本面/财务,stock_zcfz_em,资产负债表(东财),东方财富数据中心的资产负债表接口。支持按特定日期（如一季报、年报日）查询。,单次获取指定 date 的资产负债表数据,"| 名称   | 类型  |  描述                                                                                        |
|------|-----|--------------------------------------------------------------------------------------------|
| date | str | date=""20240331""; 可选 {""XXXX0331"", ""XXXX0630"", ""XXXX0930"", ""XXXX1231""} |"
基本面/财务,stock_zcfz_bj_em,北交所资产负债表,专门获取北京证券交易所上市公司的资产负债表数据。,单次获取指定 date 的资产负债表数据,"| 名称   | 类型  | 描述                                                                                         |
|------|-----|--------------------------------------------------------------------------------------------|
| date | str | date=""20240331""; 可选 {""XXXX0331"", ""XXXX0630"", ""XXXX0930"", ""XXXX1231""} |"
基本面/财务,stock_lrb_em,利润表(东财),东方财富数据中心的利润表接口。,单次获取指定 date 的利润表数据,"| 名称   | 类型  | 描述                                                                                         |
|------|-----|--------------------------------------------------------------------------------------------|
| date | str | date=""20240331""; 可选 {""XXXX0331"", ""XXXX0630"", ""XXXX0930"", ""XXXX1231""} |"
基本面/财务,stock_xjll_em,现金流量表(东财),东方财富数据中心的现金流量表接口。,单次获取指定 date 的现金流量表数据,"| 名称   | 类型  | 描述                                                                                         |
|------|-----|--------------------------------------------------------------------------------------------|
| date | str | date=""20200331""; 可选 {""XXXX0331"", ""XXXX0630"", ""XXXX0930"", ""XXXX1231""} |"
基本面/财务,stock_zh_valuation_baidu,A股估值数据(百度),从百度股市通获取A股的每日估值数据，包括市盈率（TTM/静态）、市净率、市现率及总市值。数据可视化友好，适合查看估值历史分位。,单次获取指定 symbol 和 indicator 的所有历史数据,"| 名称        | 类型  | 描述                                                                     |
|-----------|-----|------------------------------------------------------------------------|
| symbol    | str | symbol=""002044""; A 股代码                                                 |
| indicator | str | indicator=""总市值""; 可选 {""总市值"", ""市盈率(TTM)"", ""市盈率(静)"", ""市净率"", ""市现率""} |
| period    | str | period=""近一年""; 可选 {""近一年"", ""近三年"", ""近五年"", ""近十年"", ""全部""}             |"
基本面/财务,stock_a_ttm_lyr,全市场市盈率统计,获取A股全市场的平均市盈率（等权重/中位数）。用于判断整个A股市场的水位高低，是判断牛熊市的重要宏观指标。,单次返回所有数据,
基本面/财务,stock_a_all_pb,全市场市净率统计,获取A股全市场的平均市净率（PB）统计数据。用于从资产价值角度评估市场整体估值水平。,单次返回所有数据,
基本面/财务,stock_a_gxl_lg,全市场股息率统计,获取各板块（上证、深证、创业板、科创板）的平均股息率（Dividend Yield）历史数据。是红利策略（High Dividend Strategy）的重要参考指标。,单次获取指定 symbol 的所有历史数据,"| 名称     | 类型  | 描述                                                      |
|--------|-----|---------------------------------------------------------|
| symbol | str | symbol=""上证A股""; 可选 {""上证A股"", ""深证A股"", ""创业板"", ""科创板""} |"
板块/概念/行业,stock_sector_spot,板块实时行情,获取新浪财经的板块（行业、概念、地域）实时行情数据。包含板块涨跌幅、领涨股等信息。用于快速识别市场热点。,单次获取指定的板块行情实时数据,"| 名称        | 类型  | 描述                                                              |
|-----------|-----|-----------------------------------------------------------------|
| indicator | str | indicator=""新浪行业""; 可选 {""新浪行业"", ""启明星行业"", ""概念"", ""地域"", ""行业""} |"
板块/概念/行业,stock_sector_detail,板块成份股详情,获取指定板块内的所有成份股及其实时行情。注意：新浪数据可能存在统计偏差，仅作参考。,单次获取指定的新浪行业-板块行情-成份详情,"| 名称     | 类型  | 描述                                                                        |
|--------|-----|---------------------------------------------------------------------------|
| sector | str | sector=""hangye_ZL01""; 通过 **ak.stock_sector_spot** 获取的 label 字段 |"
板块/概念/行业,stock_board_industry_index_ths,同花顺行业指数,获取同花顺编制的行业指数历史日线数据。同花顺行业分类在市场上接受度很高，适合做行业轮动（Sector Rotation）分析。,单次返回所有日频指数数据,"| 名称         | 类型  | 描述                                                                      |
|------------|-----|-------------------------------------------------------------------------|
| symbol     | str | symbol=""元件""; 可通过 **ak.stock_board_industry_name_ths()** 查看所有行业名称 |
| start_date | str | start_date=""20200101""; 开始时间                                             |
| end_date   | str | end_date=""20211027""; 结束时间                                               |"
板块/概念/行业,stock_board_concept_index_ths,同花顺概念指数,获取同花顺编制的概念板块指数历史日线。概念板块（如“元宇宙”、“碳中和”）反应了市场的短期题材炒作热度。,单次返回所有日频指数数据,"| 名称         | 类型  | 描述                                                                         |
|------------|-----|----------------------------------------------------------------------------|
| symbol     | str | symbol=""阿里巴巴概念""; 可通过 **ak.stock_board_concept_name_ths()** 查看所有概念名称 |
| start_date | str | start_date=""20200101""; 开始时间                                                |
| end_date   | str | end_date=""20250228""; 结束时间                                                  |"
板块/概念/行业,stock_board_concept_name_em,东财概念列表,获取东方财富网定义的最新概念板块列表及实时涨跌幅。用于查询当前市场有哪些活跃的概念题材。,单次返回当前时刻所有概念板块的实时行情数据,
板块/概念/行业,stock_board_concept_hist_em,东财概念指数历史,获取东方财富概念板块的历史K线数据（日/周/月）。支持复权。用于分析概念题材的长期走势。,单次返回指定 symbol 和 adjust 的历史数据,"| 名称         | 类型  | 描述                                                                            |
|------------|-----|-------------------------------------------------------------------------------|
| symbol     | str | symbol=""绿色电力""; 可通过 **ak.stock_board_concept_name_em()** 获取概念代码               |
| period     | str | period=""daily""; 周期; 可选 {""daily"", ""weekly"", ""monthly""}                      |
| start_date | str | start_date=""20220101""                                                         |
| end_date   | str | end_date=""20221128""                                                           |
| adjust     | str | adjust=""""; 可选 {'': 不复权, ""qfq"": 前复权, ""hfq"": 后复权}                           |"
板块/概念/行业,stock_board_concept_hist_min_em,东财概念指数分时,获取东方财富概念板块的分钟级别历史数据。用于精细化的题材炒作分析。,单次返回指定 symbol 和 period 的历史数据,"| 名称     | 类型  | 描述                                                                           |
|--------|-----|------------------------------------------------------------------------------|
| symbol | str | symbol=""长寿药""; 可通过 **ak.stock_board_concept_name_em()** 获取概念代码                 |
| period | str | period=""5""; 可选 {""1"", ""5"", ""15"", ""30"", ""60""}                           |"
板块/概念/行业,stock_board_concept_cons_em,东财概念成份股,获取指定东方财富概念板块内的所有成份股列表。,单次返回当前时刻所有成份股,"| 名称     | 类型  | 描述                                                                                              |
|--------|-----|-------------------------------------------------------------------------------------------------|
| symbol | str | symbol=""融资融券""; 可传入板块代码(如 BK0655)或名称，推荐使用名称 |"
板块/概念/行业,stock_board_industry_cons_em,东财行业成份股,获取指定东方财富行业板块内的所有成份股列表。,单次返回指定 symbol 的所有成份股,"| 名称     | 类型  | 描述                                                                                              |
|--------|-----|-------------------------------------------------------------------------------------------------|
| symbol | str | symbol=""小金属""; 可传入板块代码(如 BK1027)或名称 |"
板块/概念/行业,stock_board_industry_hist_em,东财行业指数历史,获取东方财富行业板块的历史K线数据（日/周/月）。支持复权。用于行业趋势分析。,单次返回指定 symbol 和 adjust 的所有历史数据,"| 名称         | 类型  | 描述                                                                            |
|------------|-----|-------------------------------------------------------------------------------|
| symbol     | str | symbol=""小金属""; 可通过 **ak.stock_board_industry_name_em()** 获取行业代码                |
| start_date | str | start_date=""20211201"";                                                        |
| end_date   | str | end_date=""20220401"";                                                          |
| period     | str | period=""日k""; 周期; 可选 {""日k"", ""周k"", ""月k""}                                 |
| adjust     | str | adjust=""""; 可选 {'': 不复权, ""qfq"": 前复权, ""hfq"": 后复权}                           |"
板块/概念/行业,stock_board_industry_hist_min_em,东财行业指数分时,获取东方财富行业板块的分钟级别历史数据。,单次返回指定 symbol 和 period 的所有历史数据,"| 名称     | 类型  | 描述                                                                            |
|--------|-----|-------------------------------------------------------------------------------|
| symbol | str | symbol=""小金属""; 可通过 **ak.stock_board_industry_name_em()** 获取行业代码                |
| period | str | period=""""; 可选 {""1"", ""5"", ""15"", ""30"", ""60""}                             |"
板块/概念/行业,stock_board_industry_name_em,东财行业列表,获取东方财富网定义的最新行业板块列表及实时涨跌幅。,单次返回当前时刻所有行业板的实时行情数据,
板块/概念/行业,stock_industry_category_cninfo,行业分类标准(巨潮),查询上市公司在不同行业分类标准（如证监会版、申万版、新财富版）下的归属。用于统一不同数据源的行业划分。,单次获取指定 symbol 的行业分类数据,"| 名称     | 类型  | 描述                                                                                                                                 |
|--------|-----|------------------------------------------------------------------------------------------------------------------------------------|
| symbol | str | symbol=""巨潮行业分类标准""; 可选 {""证监会行业分类标准"", ""巨潮行业分类标准"", ""申银万国行业分类标准"", ...} |"
板块/概念/行业,stock_industry_change_cninfo,行业归属变更,查询上市公司行业分类的变更历史。例如某公司从“房地产”变更为“软件服务”。,单次获取指定 symbol 在 start_date 和 end_date 之间的上市公司行业归属的变动情况数据,"| 名称         | 类型  | 描述                    |
|------------|-----|-----------------------|
| symbol     | str | symbol=""002594""       |
| start_date | str | start_date=""20091227"" |
| end_date   | str | end_date=""20220708""   |"
板块/概念/行业,stock_board_change_em,板块异动提醒,获取当日盘口异动的板块列表。如“5分钟涨速榜”、“主力大幅流入”等。用于捕捉短线交易机会。,返回最近交易日的数据,
沪深港通,stock_hk_ggt_components_em,港股通成份股(复用),同上。获取港股通标的池数据。,单次获取所有港股通成份股数据,
沪深港通,stock_hsgt_hist_em,沪深港通历史资金流向,获取北向资金（外资买入A股）和南向资金（内资买入港股）的历史净流入数据。**关键指标**：北向资金常被视为“聪明钱”（Smart Money），其流向对A股走势有重要参考意义。,单次获取指定 symbol 的所有数据,"| 名称     | 类型  | 描述                                                                      |
|--------|-----|-------------------------------------------------------------------------|
| symbol | str | symbol=""北向资金""; 可选 {""北向资金"", ""沪股通"", ""深股通"", ""南向资金"", ""港股通沪"", ""港股通深""} |"
沪深港通,stock_hsgt_fund_flow_summary_em,沪深港通资金概览,获取当日沪深港通的资金实时流向概览，包含余额、净买入额等。,单次获取沪深港通资金流向数据,
沪深港通,stock_hsgt_individual_em,沪深港通个股持仓,获取北向资金（或南向资金）持有特定股票的股数和占比。用于分析外资对某个个股的持仓态度（加仓或减仓）。,单次获取指定 symbol 的截至 20240816 的数据,"| 名称     | 类型  | 描述                       |
|--------|-----|--------------------------|
| symbol | str | symbol=""002008""; 支持港股和A股 |"
沪深港通,stock_hsgt_individual_detail_em,沪深港通个股持仓详情,获取特定股票在一段时间内被沪深港通资金买卖的历史详情。注意：只能查询近90个交易日的数据。,单次获取指定 symbol 的在 start_date 和 end_date 之间的所有数据; 注意只能返回 90 个交易日内的数据,"| 名称         | 类型  | 描述                                              |
|------------|-----|-------------------------------------------------|
| symbol     | str | symbol=""002008""                                 |
| start_date | str | start_date=""20210830""; 最近90个交易日内                        |
| end_date   | str | end_date=""20211026""; 最近90个交易日内                          |"
沪深港通,stock_hsgt_fund_min_em,沪深港通分时资金流,获取北向/南向资金的分钟级别流向数据。用于观察盘中外资的实时进出节奏。,单次返回指定 symbol 的所有数据,"| 名称     | 类型  | 描述                                        |
|--------|-----|-------------------------------------------|
| symbol | str | symbol=""北向资金""; 可选 {""北向资金"", ""南向资金""} |"
沪深港通,stock_hsgt_sh_hk_spot_em,沪港通(沪标的)实时行情,获取沪港通机制下，沪股通（外资买沪市）或港股通（沪）（内资买港股）标的股票的实时行情。,单次获取所有数据,
沪深港通,stock_sgt_settlement_exchange_rate_szse,深港通结算汇率,获取深港通业务中的结算汇兑比率历史数据。用于计算跨市场交易的实际成本。,单次获取所有深港通结算汇率数据,
沪深港通,stock_sgt_reference_exchange_rate_szse,深港通参考汇率,获取深港通参考汇率。,单次获取所有深港通参考汇率数据,
沪深港通,stock_sgt_reference_exchange_rate_sse,沪港通参考汇率,获取沪港通参考汇率。,单次获取所有沪港通参考汇率数据,
沪深港通,stock_sgt_settlement_exchange_rate_sse,沪港通结算汇率,获取沪港通结算汇兑比率。,单次获取所有沪港通结算汇率数据,
融资融券,stock_margin_sse,上交所两融汇总,获取上海证券交易所融资融券（Margin Trading）的市场总量数据。包含融资余额（做多杠杆资金量）和融券余额（做空筹码量）。融资余额增加通常代表市场情绪乐观。,单次返回指定时间段内的所有历史数据,"| 名称         | 类型  | 描述                    |
|------------|-----|-----------------------|
| start_date | str | start_date=""20010106"" |
| end_date   | str | end_date=""20010106""   |"
融资融券,stock_margin_detail_sse,上交所两融明细,获取上交所每一只标的证券的融资融券交易明细。用于查询特定股票的杠杆资金和做空数据。,单次返回交易日的所有历史数据,"| 名称   | 类型  | 描述              |
|------|-----|-----------------|
| date | str | date=""20210205"" |"
融资融券,stock_margin_underlying_info_szse,深交所两融标的信息,获取深圳证券交易所融资融券标的证券（可做融资融券的股票）的基本信息。,单次返回交易日的所有历史数据,"| 名称   | 类型  | 描述              |
|------|-----|-----------------|
| date | str | date=""20210205"" |"
融资融券,stock_margin_detail_szse,深交所两融明细,获取深交所个股的融资融券详细交易数据。,单次返回指定 date 的所有历史数据,"| 名称   | 类型  | 描述              |
|------|-----|-----------------|
| date | str | date=""20220118"" |"
融资融券,stock_margin_szse,深交所两融汇总,获取深圳证券交易所融资融券市场总量数据。,单次返回指定时间内的所有历史数据,"| 名称   | 类型  | 描述                    |
|------|-----|-----------------------|
| date | str | date=""20240411""; 交易日期 |"
融资融券,stock_margin_account_info,两融账户统计,获取全市场融资融券投资者账户数量统计数据。反映参与杠杆交易的投资者规模。,单次返回所有历史数据,
融资融券,stock_margin_ratio_pa,平安证券两融参数,获取平安证券公示的融资融券标的名单及保证金比例。不同券商的保证金比例可能不同，这影响杠杆倍数。,单次返回指定交易日的所有历史数据,"| 名称   | 类型  | 描述              |
|------|-----|-----------------|
| date | str | date=""20231013"" |"
特色/统计,stock_gpzy_profile_em,股权质押市场概况,获取全市场股权质押（Pledge）的总体情况。股权质押是大股东融资的一种方式，高质押率可能伴随平仓风险（Liquidation Risk）。,"单次所有历史数据, 由于数据量比较大需要等待一定时间",
特色/统计,stock_gpzy_pledge_ratio_em,上市公司质押比例,获取上市公司整体的股权质押比例数据。质押比例过高意味着大股东资金链紧张，是重要的风控指标。,单次返回指定交易日的所有历史数据; 需参考 http://data.eastmoney.com/gpzy/pledgeRatio.aspx,"| 名称   | 类型  | 描述                                                                           |
|------|-----|------------------------------------------------------------------------------|
| date | str | date=""20240906""; 交易日 |"
特色/统计,stock_gpzy_pledge_ratio_detail_em,重要股东质押明细,获取上市公司重要股东（大股东）的每一笔质押明细。,"单次所有历史数据, 数据量大需等待",
特色/统计,stock_gpzy_distribute_statistics_company_em,质押分布(券商),统计各家证券公司接受股权质押的规模分布。,单次返回当前时点所有历史数据,
特色/统计,stock_gpzy_distribute_statistics_bank_em,质押分布(银行),统计各家银行接受股权质押的规模分布。,单次返回当前时点所有历史数据,
特色/统计,stock_gpzy_industry_data_em,行业质押数据,统计各行业的平均股权质押比例。用于识别哪些行业面临较高的资金压力。,单次返回所有历史数据,
特色/统计,stock_sy_profile_em,商誉市场概况,获取全市场商誉（Goodwill）总量的统计数据。商誉是并购产生的溢价，高商誉可能面临减值（Impairment）爆雷风险。,单次所有历史数据,
特色/统计,stock_sy_yq_em,商誉减值预期,获取市场对商誉减值的预期明细数据。,单次所有历史数据,"| 名称   | 类型  | 描述                      |
|------|-----|-------------------------|
| date | str | date=""20221231""; 报告期 |"
特色/统计,stock_sy_jz_em,个股商誉减值,获取个股实际发生的商誉减值损失明细。这通常是导致业绩洗澡（Big Bath）的主要原因。,单次返回所有历史数据,"| 名称   | 类型  | 描述                      |
|------|-----|-------------------------|
| date | str | date=""20230331""; 报告期 |"
特色/统计,stock_sy_em,个股商誉明细,获取个股当前的商誉存量明细。,单次返回所有历史数据,"| 名称   | 类型  | 描述                      |
|------|-----|-------------------------|
| date | str | date=""20240630""; 报告期 |"
特色/统计,stock_sy_hy_em,行业商誉统计,统计各行业的商誉总量，识别高风险行业（如传媒、医药）。,单次返回所有历史数据,"| 名称   | 类型  | 描述                      |
|------|-----|-------------------------|
| date | str | date=""20240930""; 报告期 |"
特色/统计,stock_market_pe_lg,主板市盈率(乐咕),获取各大板块（上证/深证/创业板/科创板）的平均市盈率历史走势。数据源为乐咕乐股。,单次获取指定 symbol 的所有数据,"| 名称     | 类型  | 描述                                                |
|--------|-----|---------------------------------------------------|
| symbol | str | symbol=""上证""; 可选 {""上证"", ""深证"", ""创业板"", ""科创版""} |"
特色/统计,stock_market_pb_lg,主板市净率(乐咕),获取各大板块的平均市净率历史走势。,单次获取指定 symbol 的所有数据,"| 名称     | 类型  | 描述                                                |
|--------|-----|---------------------------------------------------|
| symbol | str | symbol=""上证""; 可选 {""上证"", ""深证"", ""创业板"", ""科创版""} |"
特色/统计,stock_register_kcb,科创板IPO审核,获取科创板注册制IPO审核进度信息。包含已受理、问询中、注册生效等状态。,单次返回所有历史数据,
特色/统计,stock_register_cyb,创业板IPO审核,获取创业板注册制IPO审核进度信息。,单次返回所有历史数据,
特色/统计,stock_register_bj,北交所IPO审核,获取北交所IPO审核进度信息。,单次返回所有历史数据,
特色/统计,stock_register_sh,沪主板IPO审核,获取上海主板IPO审核进度信息。,单次返回所有历史数据,
特色/统计,stock_register_sz,深主板IPO审核,获取深圳主板IPO审核进度信息。,单次返回所有历史数据,
特色/统计,stock_register_db,注册制达标企业,获取符合注册制上市标准的企业名单。,单次返回所有历史数据,
特色/统计,stock_dzjy_sctj,大宗交易市场统计,获取大宗交易（Block Trade）市场的整体统计数据。大宗交易指机构之间的大额买卖，通常有折价或溢价，反映机构态度。,单次返回所有历史数据,
特色/统计,stock_dzjy_mrmx,大宗交易每日明细,获取每日每一笔大宗交易的明细，包括买方卖方营业部、成交价、折溢价率等。,单次返回所有历史数据,"| 名称         | 类型  | 描述                                              |
|------------|-----|-------------------------------------------------|
| symbol     | str | symbol='债券'; 可选 {'A股', 'B股', '基金', '债券'}         |
| start_date | str | start_date='20201123'; 开始日期                     |
| end_date   | str | end_date='20201204'; 结束日期                       |"
特色/统计,stock_dzjy_mrtj,大宗交易每日统计,按日统计大宗交易的成交总额、总笔数等。,单次返回所有历史数据,"| 名称         | 类型  | 描述                          |
|------------|-----|-----------------------------|
| start_date | str | start_date='20220105'; 开始日期 |
| end_date   | str | end_date='20220105'; 结束日期   |"
特色/统计,stock_dzjy_hygtj,大宗交易活跃个股,统计近期（近1月/3月等）大宗交易最活跃的个股名单。频繁的大宗交易可能意味着股东换手或机构建仓。,单次返回所有历史数据,"| 名称     | 类型  | 描述                                                   |
|--------|-----|------------------------------------------------------|
| symbol | str | symbol='近三月'; 可选 {'近一月', '近三月', '近六月', '近一年'} |"
特色/统计,stock_szse_summary,深交所市场总貌,获取深圳证券交易所每日发布的市场统计数据，包含上市公司数、总市值、流通市值、平均市盈率等。,单次返回指定 date 的市场总貌数据-证券类别统计,"| 名称   | 类型  | 描述                                  |
|------|-----|-------------------------------------|
| date | str | date=""20200619""; 交易日 |"
特色/统计,stock_szse_sector_summary,深交所行业成交,获取深交所各行业板块的成交量、成交额统计。,单次返回指定 symbol 和 date 的统计资料-股票行业成交数据,"| 名称     | 类型  | 描述                                  |
|--------|-----|-------------------------------------|
| symbol | str | symbol=""当月""; 可选 {""当月"", ""当年""} |
| date   | str | date=""202501""; 年月 (YYYYMM)           |"
特色/统计,stock_sse_summary,上交所市场总貌,获取上海证券交易所每日发布的市场总貌数据。,单次返回最近交易日的股票数据总貌,
特色/统计,stock_sse_deal_daily,上交所每日成交,获取上交所每日的成交概况。注意：仅支持20211227之后的数据。,"单次返回指定日期的每日概况数据, 当前交易日数据需要在收盘后获取","| 名称   | 类型  | 描述                                                              |
|------|-----|-----------------------------------------------------------------|
| date | str | date=""20250221""; 交易日 (>=20211227)                                     |"
特色/统计,stock_ipo_declare_em,首发企业申报信息,获取正在排队申报IPO的企业名单及其状态。,单次返回所有历史数据,
特色/统计,stock_ggcg_em,高管持股变动,获取上市公司高管（董事、监事、高级管理人员）增持或减持自家股票的详细记录。高管增持通常被视为利好信号。,单次获取所有高管持股数据数据,"| 名称     | 类型  | 描述                                            |
|--------|-----|-----------------------------------------------|
| symbol | str | symbol=""全部""; 可选 {""全部"", ""股东增持"", ""股东减持""} |"
特色/统计,stock_market_activity_legu,赚钱效应分析,获取乐咕乐股网计算的市场“赚钱效应”指标。包含涨停家数、跌停家数、创出的新高/新低股票数量等，用于量化市场情绪（Market Sentiment）。,单次返回当前赚钱效应分析数据,"| 名称     | 类型  | 描述                                 |
|--------|-----|------------------------------------|
| symbol | str | symbol=""全部""；可选 {""全部"", ""重点""} |
| - | - | - |
| symbol | str | symbol=""创月新高""; 可选 {""创月新高"", ""半年新高"", ""一年新高"", ""历史新高""} |
| symbol | str | symbol=""创月新低""; 可选 {""创月新低"", ""半年新低"", ""一年新低"", ""历史新低""} |"
特色/统计,stock_qbzf_em,全部增发数据,获取全市场历史上的增发融资事件汇总。,单次返回所有历史数据,
特色/统计,stock_pg_em,全部配股数据,获取全市场历史上的配股融资事件汇总。,单次返回所有历史数据,
特色/统计,stock_rank_forecast_cninfo,投资评级汇总,获取机构分析师对个股的投资评级（买入/增持/中性/卖出）汇总。数据源自巨潮资讯。,单次获取指定交易日的所有数据,"| 名称   | 类型  | 描述                   |
|------|-----|----------------------|
| date | str | date=""20210910""; 交易日 |"
特色/统计,stock_industry_pe_ratio_cninfo,行业市盈率(巨潮),获取巨潮资讯发布的各行业平均市盈率数据。,单次获取指定 symbol 在指定交易日的所有数据,"| 名称     | 类型  | 描述                                                |
|--------|-----|---------------------------------------------------|
| symbol | str | symbol=""证监会行业分类""; 可选 {""证监会行业分类"", ""国证行业分类""} |
| date   | str | date=""20210910""; 交易日                              |"
特色/统计,stock_new_gh_cninfo,新股过会记录,获取新股发行审核通过（过会）的历史记录。,单次获取近一年所有新股过会的数据,
特色/统计,stock_new_ipo_cninfo,新股发行记录,获取新股正式发行的历史记录。,单次获取近三年所有新股发行的数据,
特色/统计,stock_hold_num_cninfo,股东户数(巨潮),获取上市公司定期的股东户数数据。股东户数急剧减少通常意味着筹码趋于集中（庄家收集），反之则意味着筹码分散。,单次指定 date 的股东人数及持股集中度数据,"| 名称   | 类型  | 描述                                                                                         |
|------|-----|--------------------------------------------------------------------------------------------|
| date | str | date=""20210630""; 季度末日期 (XXXX0331/0630/0930/1231) |"
特色/统计,stock_hold_control_cninfo,实控人持股变动,获取上市公司实际控制人（Controller）的持股变动情况。实控人变更往往是重大的公司事件。,单次指定 symbol 的实际控制人持股变动数据,"| 名称     | 类型  | 描述                                                                         |
|--------|-----|----------------------------------------------------------------------------|
| symbol | str | symbol=""全部""; 可选 {""单独控制"", ""实际控制人"", ""一致行动人"", ...} |"
特色/统计,stock_hold_management_detail_cninfo,高管持股变动明细(巨潮),从巨潮资讯获取高管持股变动的详细记录。,单次指定 symbol 的高管持股变动明细数据,"| 名称     | 类型  | 描述                                  |
|--------|-----|-------------------------------------|
| symbol | str | symbol=""增持""; 可选 {""增持"", ""减持""} |"
特色/统计,stock_hold_change_cninfo,股本变动,获取上市公司的股本结构变动历史，如送转股、增发上市、回购注销等导致的股本数量变化。,单次指定 symbol 的股本变动数据,"| 名称     | 类型  | 描述                                                               |
|--------|-----|------------------------------------------------------------------|
| symbol | str | symbol=""全部""; 可选 {""深市主板"", ""沪市"", ""创业板"", ...} |"
特色/统计,stock_cg_equity_mortgage_cninfo,公司治理-股权质押,从公司治理角度查看股权质押数据。,单次指定 date 的股权质押数据,"| 名称   | 类型  | 描述              |
|------|-----|-----------------|
| date | str | date=""20210930"" |"
特色/统计,stock_notice_report,A股公告大全,获取沪深京A股上市公司的所有公告文档。支持按类型筛选（如财务报告、重大事项、风险提示）。是RAG系统中进行非结构化文本检索的重要数据源。,单次获取指定 symbol 和 date 的数据,"| 名称     | 类型  | 描述                                                                                      |
|--------|-----|-----------------------------------------------------------------------------------------|
| symbol | str | symbol='财务报告'; 可选 {""全部"", ""重大事项"", ""财务报告"", ""融资公告"", ...} |
| date   | str | date=""20220511""; 指定日期                                                                   |"
特色/统计,stock_repurchase_em,股票回购,获取上市公司回购（Buyback）自家股票的历史数据。回购通常被视为公司认为股价被低估的信号。,单次返回所有历史数据,
特色/统计,stock_inner_trade_xq,内部人交易(雪球),从雪球获取上市公司内部人（董监高及大股东）的交易记录。,单次返回所有历史数据,
特色/统计,volatility_yz_rv,已实现波动率,计算历史波动率（Realized Volatility）指标。用于期权定价或风险控制。,,
特色/统计,stock_zh_a_gbjg_em,股本结构,获取上市公司的详细股本结构，包括流通A股、限售A股、B股、H股等各类股份的数量。用于计算全流通市值。,单次返回所有历史数据,"| 名称     | 类型  | 描述                 |
|--------|-----|--------------------|
| symbol | str | symbol=""603392.SH"" |"
特色/统计,stock_zh_growth_comparison_em,同行成长性比较,获取个股与其同行业公司的成长性指标（如营收增长率、净利增长率）对比数据。,单次返回全部数据,"| 名称         | 类型  | 描述                    |
|------------|-----|-----------------------|
| symbol     | str | symbol=""SZ000895""     |"
特色/统计,stock_zh_valuation_comparison_em,同行估值比较,获取个股与其同行业公司的估值指标（PE、PB、PS）对比数据。用于相对估值分析。,单次返回全部数据,"| 名称         | 类型  | 描述                    |
|------------|-----|-----------------------|
| symbol     | str | symbol=""SZ000895""     |"
特色/统计,stock_zh_dupont_comparison_em,同行杜邦分析比较,获取个股与其同行业公司的杜邦分析（DuPont Analysis）核心指标（ROE拆解）对比。,单次返回全部数据,"| 名称         | 类型  | 描述                    |
|------------|-----|-----------------------|
| symbol     | str | symbol=""SZ000895""     |"
特色/统计,stock_zh_scale_comparison_em,同行规模比较,获取个股与其同行业公司的规模指标（总资产、营收规模）对比。,单次返回全部数据,"| 名称         | 类型  | 描述                    |
|------------|-----|-----------------------|
| symbol     | str | symbol=""SZ000895""     |"
特色/统计,stock_zdhtmx_em,重大合同明细,获取上市公司公告的重大销售或采购合同明细。重大合同通常直接利好未来业绩。,单次返回指定 start_date 和 end_date 的所有数据,"| 名称         | 类型  | 描述                    |
|------------|-----|-----------------------|
| start_date | str | start_date=""20200819"" |
| end_date   | str | end_date=""20230819""   |"